"compliance-level-2/0001-input-data-string","0001-input-data-string-test-01","001","SUCCESS",""
"compliance-level-2/0002-input-data-number","0002-input-data-number-test-01","001","SUCCESS",""
"compliance-level-2/0003-input-data-string-allowed-values","0003-input-data-string-allowed-values-test-01","001","SUCCESS",""
"compliance-level-2/0004-simpletable-U","0004-simpletable-U-test-01","001","SUCCESS",""
"compliance-level-2/0004-simpletable-U","0004-simpletable-U-test-01","002","SUCCESS",""
"compliance-level-2/0004-simpletable-U","0004-simpletable-U-test-01","003","SUCCESS",""
"compliance-level-2/0005-simpletable-A","0005-simpletable-A-test-01","001","SUCCESS",""
"compliance-level-2/0005-simpletable-A","0005-simpletable-A-test-01","002","SUCCESS",""
"compliance-level-2/0005-simpletable-A","0005-simpletable-A-test-01","003","SUCCESS",""
"compliance-level-2/0006-simpletable-P1","0006-simpletable-P1-test-01","001","SUCCESS",""
"compliance-level-2/0006-simpletable-P1","0006-simpletable-P1-test-01","002","SUCCESS",""
"compliance-level-2/0006-simpletable-P1","0006-simpletable-P1-test-01","003","SUCCESS",""
"compliance-level-2/0007-simpletable-P2","0007-simpletable-P2-test-01","001","SUCCESS",""
"compliance-level-2/0007-simpletable-P2","0007-simpletable-P2-test-01","002","SUCCESS",""
"compliance-level-2/0007-simpletable-P2","0007-simpletable-P2-test-01","003","SUCCESS",""
"compliance-level-2/0008-LX-arithmetic","0008-LX-arithmetic-test-01","001","SUCCESS",""
"compliance-level-2/0008-LX-arithmetic","0008-LX-arithmetic-test-01","002","SUCCESS",""
"compliance-level-2/0008-LX-arithmetic","0008-LX-arithmetic-test-01","003","SUCCESS",""
"compliance-level-2/0009-invocation-arithmetic","0009-invocation-arithmetic-test-01","001","IGNORED",""
"compliance-level-2/0009-invocation-arithmetic","0009-invocation-arithmetic-test-01","002","IGNORED",""
"compliance-level-2/0009-invocation-arithmetic","0009-invocation-arithmetic-test-01","003","IGNORED",""
"compliance-level-2/0010-multi-output-U","0010-multi-output-U-test-01","001","SUCCESS",""
"compliance-level-2/0010-multi-output-U","0010-multi-output-U-test-01","002","SUCCESS",""
"compliance-level-2/0010-multi-output-U","0010-multi-output-U-test-01","003","SUCCESS",""
"compliance-level-2/0100-feel-constants","0100-feel-constants-test-01","001","SUCCESS",""
"compliance-level-2/0101-feel-constants","0101-feel-constants-test-01","001","SUCCESS",""
"compliance-level-2/0101-feel-constants","0101-feel-constants-test-01","002","SUCCESS",""
"compliance-level-2/0101-feel-constants","0101-feel-constants-test-01","004","SUCCESS",""
"compliance-level-2/0101-feel-constants","0101-feel-constants-test-01","005","SUCCESS",""
"compliance-level-2/0101-feel-constants","0101-feel-constants-test-01","007","SUCCESS",""
"compliance-level-2/0101-feel-constants","0101-feel-constants-test-01","008","SUCCESS",""
"compliance-level-2/0102-feel-constants","0102-feel-constants-test-01","001","SUCCESS",""
"compliance-level-2/0102-feel-constants","0102-feel-constants-test-01","002","SUCCESS",""
"compliance-level-2/0102-feel-constants","0102-feel-constants-test-01","003","SUCCESS",""
"compliance-level-2/0102-feel-constants","0102-feel-constants-test-01","004","SUCCESS",""
"compliance-level-2/0105-feel-math","0105-feel-math-test-01","001","SUCCESS",""
"compliance-level-2/0105-feel-math","0105-feel-math-test-01","002","SUCCESS",""
"compliance-level-2/0105-feel-math","0105-feel-math-test-01","003","SUCCESS",""
"compliance-level-2/0105-feel-math","0105-feel-math-test-01","004","SUCCESS",""
"compliance-level-2/0105-feel-math","0105-feel-math-test-01","005","SUCCESS",""
"compliance-level-2/0105-feel-math","0105-feel-math-test-01","006","SUCCESS",""
"compliance-level-2/0105-feel-math","0105-feel-math-test-01","007","SUCCESS",""
"compliance-level-2/0105-feel-math","0105-feel-math-test-01","008","SUCCESS",""
"compliance-level-2/0105-feel-math","0105-feel-math-test-01","009","SUCCESS",""
"compliance-level-2/0105-feel-math","0105-feel-math-test-01","010","SUCCESS",""
"compliance-level-2/0105-feel-math","0105-feel-math-test-01","011","SUCCESS",""
"compliance-level-2/0105-feel-math","0105-feel-math-test-01","012","SUCCESS",""
"compliance-level-2/0105-feel-math","0105-feel-math-test-01","013","SUCCESS",""
"compliance-level-2/0105-feel-math","0105-feel-math-test-01","014","SUCCESS",""
"compliance-level-2/0105-feel-math","0105-feel-math-test-01","015","SUCCESS",""
"compliance-level-2/0105-feel-math","0105-feel-math-test-01","016","SUCCESS",""
"compliance-level-2/0105-feel-math","0105-feel-math-test-01","017","SUCCESS",""
"compliance-level-2/0105-feel-math","0105-feel-math-test-01","018","SUCCESS",""
"compliance-level-2/0105-feel-math","0105-feel-math-test-01","019","SUCCESS",""
"compliance-level-2/0105-feel-math","0105-feel-math-test-01","020","SUCCESS",""
"compliance-level-2/0105-feel-math","0105-feel-math-test-01","021","SUCCESS",""
"compliance-level-2/0105-feel-math","0105-feel-math-test-01","022","SUCCESS",""
"compliance-level-2/0105-feel-math","0105-feel-math-test-01","023","SUCCESS",""
"compliance-level-2/0105-feel-math","0105-feel-math-test-01","024","SUCCESS",""
"compliance-level-2/0105-feel-math","0105-feel-math-test-01","025","SUCCESS",""
"compliance-level-2/0105-feel-math","0105-feel-math-test-01","026","SUCCESS",""
"compliance-level-2/0105-feel-math","0105-feel-math-test-01","027","SUCCESS",""
"compliance-level-2/0105-feel-math","0105-feel-math-test-01","028","SUCCESS",""
"compliance-level-2/0105-feel-math","0105-feel-math-test-01","029","SUCCESS",""
"compliance-level-2/0105-feel-math","0105-feel-math-test-01","030","SUCCESS",""
"compliance-level-2/0105-feel-math","0105-feel-math-test-01","031","SUCCESS",""
"compliance-level-2/0105-feel-math","0105-feel-math-test-01","032","SUCCESS",""
"compliance-level-2/0105-feel-math","0105-feel-math-test-01","033","SUCCESS",""
"compliance-level-2/0106-feel-ternary-logic","0106-feel-ternary-logic-test-01","001","SUCCESS",""
"compliance-level-2/0106-feel-ternary-logic","0106-feel-ternary-logic-test-01","002","SUCCESS",""
"compliance-level-2/0106-feel-ternary-logic","0106-feel-ternary-logic-test-01","003","SUCCESS",""
"compliance-level-2/0106-feel-ternary-logic","0106-feel-ternary-logic-test-01","004","SUCCESS",""
"compliance-level-2/0106-feel-ternary-logic","0106-feel-ternary-logic-test-01","005","SUCCESS",""
"compliance-level-2/0106-feel-ternary-logic","0106-feel-ternary-logic-test-01","006","SUCCESS",""
"compliance-level-2/0106-feel-ternary-logic","0106-feel-ternary-logic-test-01","007","SUCCESS",""
"compliance-level-2/0106-feel-ternary-logic","0106-feel-ternary-logic-test-01","008","SUCCESS",""
"compliance-level-2/0106-feel-ternary-logic","0106-feel-ternary-logic-test-01","009","SUCCESS",""
"compliance-level-2/0107-feel-ternary-logic-not","0107-feel-ternary-logic-not-test-01","001","SUCCESS",""
"compliance-level-2/0107-feel-ternary-logic-not","0107-feel-ternary-logic-not-test-01","002","SUCCESS",""
"compliance-level-2/0107-feel-ternary-logic-not","0107-feel-ternary-logic-not-test-01","003","SUCCESS",""
"compliance-level-3/0001-filter","0001-filter-test-01","001","SUCCESS",""
"compliance-level-3/0002-string-functions","0002-string-functions-test-01","001","SUCCESS",""
"compliance-level-3/0002-string-functions","0002-string-functions-test-01","002","SUCCESS",""
"compliance-level-3/0002-string-functions","0002-string-functions-test-01","003","SUCCESS",""
"compliance-level-3/0002-string-functions","0002-string-functions-test-01","004","SUCCESS",""
"compliance-level-3/0003-iteration","0003-iteration-test-01","001","IGNORED",""
"compliance-level-3/0003-iteration","0003-iteration-test-01","002","SUCCESS",""
"compliance-level-3/0004-lending","0004-lending-test-01","001","IGNORED",""
"compliance-level-3/0005-literal-invocation","0005-literal-invocation-test-01","001","IGNORED",""
"compliance-level-3/0005-literal-invocation","0005-literal-invocation-test-01","002","IGNORED",""
"compliance-level-3/0005-literal-invocation","0005-literal-invocation-test-01","003","IGNORED",""
"compliance-level-3/0006-join","0006-join-test-01","001","IGNORED",""
"compliance-level-3/0007-date-time","0007-date-time-test-01","001","IGNORED",""
"compliance-level-3/0008-listGen","0008-listGen-test-01","001","SUCCESS",""
"compliance-level-3/0008-listGen","0008-listGen-test-01","002","SUCCESS",""
"compliance-level-3/0008-listGen","0008-listGen-test-01","003","SUCCESS",""
"compliance-level-3/0008-listGen","0008-listGen-test-01","004","SUCCESS",""
"compliance-level-3/0008-listGen","0008-listGen-test-01","005","SUCCESS",""
"compliance-level-3/0008-listGen","0008-listGen-test-01","006","SUCCESS",""
"compliance-level-3/0008-listGen","0008-listGen-test-01","007","SUCCESS",""
"compliance-level-3/0008-listGen","0008-listGen-test-01","008","SUCCESS",""
"compliance-level-3/0008-listGen","0008-listGen-test-01","009","SUCCESS",""
"compliance-level-3/0008-listGen","0008-listGen-test-01","010","SUCCESS",""
"compliance-level-3/0009-append-flatten","0009-append-flatten-test-01","001","SUCCESS",""
"compliance-level-3/0010-concatenate","0010-concatenate-test-01","001","SUCCESS",""
"compliance-level-3/0011-insert-remove","0011-insert-remove-test-01","001","SUCCESS",""
"compliance-level-3/0012-list-functions","0012-list-functions-test-01","001","SUCCESS",""
"compliance-level-3/0012-list-functions","0012-list-functions-test-01","002","SUCCESS",""
"compliance-level-3/0012-list-functions","0012-list-functions-test-01","003","SUCCESS",""
"compliance-level-3/0012-list-functions","0012-list-functions-test-01","004","SUCCESS",""
"compliance-level-3/0012-list-functions","0012-list-functions-test-01","005","SUCCESS",""
"compliance-level-3/0012-list-functions","0012-list-functions-test-01","006","SUCCESS",""
"compliance-level-3/0012-list-functions","0012-list-functions-test-01","007","SUCCESS",""
"compliance-level-3/0012-list-functions","0012-list-functions-test-01","008","SUCCESS",""
"compliance-level-3/0012-list-functions","0012-list-functions-test-01","009","SUCCESS",""
"compliance-level-3/0012-list-functions","0012-list-functions-test-01","010","SUCCESS",""
"compliance-level-3/0012-list-functions","0012-list-functions-test-01","011","SUCCESS",""
"compliance-level-3/0012-list-functions","0012-list-functions-test-01","012","SUCCESS",""
"compliance-level-3/0012-list-functions","0012-list-functions-test-01","013","SUCCESS",""
"compliance-level-3/0012-list-functions","0012-list-functions-test-01","014","SUCCESS",""
"compliance-level-3/0012-list-functions","0012-list-functions-test-01","015","SUCCESS",""
"compliance-level-3/0012-list-functions","0012-list-functions-test-01","016","SUCCESS",""
"compliance-level-3/0012-list-functions","0012-list-functions-test-01","017","SUCCESS",""
"compliance-level-3/0012-list-functions","0012-list-functions-test-01","018","SUCCESS",""
"compliance-level-3/0012-list-functions","0012-list-functions-test-01","019","SUCCESS",""
"compliance-level-3/0013-sort","0013-sort-test-01","001","SUCCESS",""
"compliance-level-3/0014-loan-comparison","0014-loan-comparison-test-01","001","IGNORED",""
"compliance-level-3/0016-some-every","0016-some-every-test-01","001","IGNORED",""
"compliance-level-3/0017-tableTests","0017-tableTests-test-01","001","SUCCESS",""
"compliance-level-3/0017-tableTests","0017-tableTests-test-01","002","SUCCESS",""
"compliance-level-3/0017-tableTests","0017-tableTests-test-01","003","SUCCESS",""
"compliance-level-3/0017-tableTests","0017-tableTests-test-01","004","SUCCESS",""
"compliance-level-3/0020-vacation-days","0020-vacation-days-test-01","001","IGNORED",""
"compliance-level-3/0020-vacation-days","0020-vacation-days-test-01","002","IGNORED",""
"compliance-level-3/0020-vacation-days","0020-vacation-days-test-01","003","IGNORED",""
"compliance-level-3/0020-vacation-days","0020-vacation-days-test-01","004","IGNORED",""
"compliance-level-3/0020-vacation-days","0020-vacation-days-test-01","005","IGNORED",""
"compliance-level-3/0020-vacation-days","0020-vacation-days-test-01","006","SUCCESS",""
"compliance-level-3/0020-vacation-days","0020-vacation-days-test-01","007","SUCCESS",""
"compliance-level-3/0021-singleton-list","0021-singleton-list-test-01","001","IGNORED",""
"compliance-level-3/0030-user-defined-functions","0030-user-defined-functions-test-01","001","IGNORED",""
"compliance-level-3/0031-user-defined-functions","0031-user-defined-functions-test-01","001","IGNORED",""
"compliance-level-3/0031-user-defined-functions","0031-user-defined-functions-test-01","002","IGNORED",""
"compliance-level-3/0031-user-defined-functions","0031-user-defined-functions-test-01","003","IGNORED",""
"compliance-level-3/0032-conditionals","0032-conditionals-test-01","001","SUCCESS",""
"compliance-level-3/0032-conditionals","0032-conditionals-test-01","002","SUCCESS",""
"compliance-level-3/0032-conditionals","0032-conditionals-test-01","003","SUCCESS",""
"compliance-level-3/0032-conditionals","0032-conditionals-test-01","004","SUCCESS",""
"compliance-level-3/0032-conditionals","0032-conditionals-test-01","005","SUCCESS",""
"compliance-level-3/0032-conditionals","0032-conditionals-test-01","006","SUCCESS",""
"compliance-level-3/0033-for-loops","0033-for-loops-test-01","001","SUCCESS",""
"compliance-level-3/0033-for-loops","0033-for-loops-test-01","002","SUCCESS",""
"compliance-level-3/0033-for-loops","0033-for-loops-test-01","003","IGNORED",""
"compliance-level-3/0033-for-loops","0033-for-loops-test-01","004","SUCCESS",""
"compliance-level-3/1100-feel-decimal-function-test","1100-feel-decimal-function-test-test-01","001","SUCCESS",""
"compliance-level-3/1100-feel-decimal-function-test","1100-feel-decimal-function-test-test-01","002","SUCCESS",""
"compliance-level-3/1100-feel-decimal-function-test","1100-feel-decimal-function-test-test-01","003","SUCCESS",""
"compliance-level-3/1100-feel-decimal-function-test","1100-feel-decimal-function-test-test-01","004","SUCCESS",""
"compliance-level-3/1100-feel-decimal-function-test","1100-feel-decimal-function-test-test-01","005","SUCCESS",""
"compliance-level-3/1100-feel-decimal-function-test","1100-feel-decimal-function-test-test-01","006","SUCCESS",""
"compliance-level-3/1100-feel-decimal-function-test","1100-feel-decimal-function-test-test-01","007","SUCCESS",""
"compliance-level-3/1100-feel-decimal-function-test","1100-feel-decimal-function-test-test-01","008","SUCCESS",""
"compliance-level-3/1100-feel-decimal-function-test","1100-feel-decimal-function-test-test-01","009","SUCCESS",""
"compliance-level-3/1100-feel-decimal-function-test","1100-feel-decimal-function-test-test-01","010","SUCCESS",""
"compliance-level-3/1101-feel-floor-function-test","1101-feel-floor-function-test-test-01","001","SUCCESS",""
"compliance-level-3/1101-feel-floor-function-test","1101-feel-floor-function-test-test-01","002","SUCCESS",""
"compliance-level-3/1101-feel-floor-function-test","1101-feel-floor-function-test-test-01","003","SUCCESS",""
"compliance-level-3/1101-feel-floor-function-test","1101-feel-floor-function-test-test-01","004","SUCCESS",""
"compliance-level-3/1101-feel-floor-function-test","1101-feel-floor-function-test-test-01","005","SUCCESS",""
"compliance-level-3/1101-feel-floor-function-test","1101-feel-floor-function-test-test-01","006","SUCCESS",""
"compliance-level-3/1102-feel-ceiling-function-test","1102-feel-ceiling-function-test-test-01","001","SUCCESS",""
"compliance-level-3/1102-feel-ceiling-function-test","1102-feel-ceiling-function-test-test-01","002","SUCCESS",""
"compliance-level-3/1102-feel-ceiling-function-test","1102-feel-ceiling-function-test-test-01","003","SUCCESS",""
"compliance-level-3/1102-feel-ceiling-function-test","1102-feel-ceiling-function-test-test-01","004","SUCCESS",""
"compliance-level-3/1102-feel-ceiling-function-test","1102-feel-ceiling-function-test-test-01","005","SUCCESS",""
"compliance-level-3/1102-feel-ceiling-function-test","1102-feel-ceiling-function-test-test-01","006","SUCCESS",""
"compliance-level-3/1103-feel-substring-function-test","1103-feel-substring-function-test-test-01","001","SUCCESS",""
"compliance-level-3/1103-feel-substring-function-test","1103-feel-substring-function-test-test-01","002","SUCCESS",""
"compliance-level-3/1103-feel-substring-function-test","1103-feel-substring-function-test-test-01","003","SUCCESS",""
"compliance-level-3/1103-feel-substring-function-test","1103-feel-substring-function-test-test-01","004","SUCCESS",""
"compliance-level-3/1103-feel-substring-function-test","1103-feel-substring-function-test-test-01","005","SUCCESS",""
"compliance-level-3/1103-feel-substring-function-test","1103-feel-substring-function-test-test-01","006","SUCCESS",""
"compliance-level-3/1103-feel-substring-function-test","1103-feel-substring-function-test-test-01","007","SUCCESS",""
"compliance-level-3/1103-feel-substring-function-test","1103-feel-substring-function-test-test-01","008","SUCCESS",""
"compliance-level-3/1103-feel-substring-function-test","1103-feel-substring-function-test-test-01","009","SUCCESS",""
"compliance-level-3/1103-feel-substring-function-test","1103-feel-substring-function-test-test-01","010","SUCCESS",""
"compliance-level-3/1103-feel-substring-function-test","1103-feel-substring-function-test-test-01","011","SUCCESS",""
"compliance-level-3/1104-feel-string-length-function-test","1104-feel-string-length-function-test-test-01","001","SUCCESS",""
"compliance-level-3/1104-feel-string-length-function-test","1104-feel-string-length-function-test-test-01","002","SUCCESS",""
"compliance-level-3/1104-feel-string-length-function-test","1104-feel-string-length-function-test-test-01","003","SUCCESS",""
"compliance-level-3/1104-feel-string-length-function-test","1104-feel-string-length-function-test-test-01","004","SUCCESS",""
"compliance-level-3/1104-feel-string-length-function-test","1104-feel-string-length-function-test-test-01","005","SUCCESS",""
"compliance-level-3/1104-feel-string-length-function-test","1104-feel-string-length-function-test-test-01","006","SUCCESS",""
"compliance-level-3/1105-feel-upper-case-function-test","1105-feel-upper-case-function-test-test-01","001","SUCCESS",""
"compliance-level-3/1105-feel-upper-case-function-test","1105-feel-upper-case-function-test-test-01","002","SUCCESS",""
"compliance-level-3/1105-feel-upper-case-function-test","1105-feel-upper-case-function-test-test-01","003","SUCCESS",""
"compliance-level-3/1105-feel-upper-case-function-test","1105-feel-upper-case-function-test-test-01","004","SUCCESS",""
"compliance-level-3/1105-feel-upper-case-function-test","1105-feel-upper-case-function-test-test-01","005","SUCCESS",""
"compliance-level-3/1105-feel-upper-case-function-test","1105-feel-upper-case-function-test-test-01","006","SUCCESS",""
"compliance-level-3/1105-feel-upper-case-function-test","1105-feel-upper-case-function-test-test-01","007","SUCCESS",""
"compliance-level-3/1105-feel-upper-case-function-test","1105-feel-upper-case-function-test-test-01","008","SUCCESS",""
"compliance-level-3/1106-feel-lower-case-function-test","1106-feel-lower-case-function-test-test-01","001","SUCCESS",""
"compliance-level-3/1106-feel-lower-case-function-test","1106-feel-lower-case-function-test-test-01","002","SUCCESS",""
"compliance-level-3/1106-feel-lower-case-function-test","1106-feel-lower-case-function-test-test-01","003","SUCCESS",""
"compliance-level-3/1106-feel-lower-case-function-test","1106-feel-lower-case-function-test-test-01","004","SUCCESS",""
"compliance-level-3/1106-feel-lower-case-function-test","1106-feel-lower-case-function-test-test-01","005","SUCCESS",""
"compliance-level-3/1106-feel-lower-case-function-test","1106-feel-lower-case-function-test-test-01","006","SUCCESS",""
"compliance-level-3/1106-feel-lower-case-function-test","1106-feel-lower-case-function-test-test-01","007","SUCCESS",""
"compliance-level-3/1106-feel-lower-case-function-test","1106-feel-lower-case-function-test-test-01","008","SUCCESS",""
"compliance-level-3/1106-feel-lower-case-function-test","1106-feel-lower-case-function-test-test-01","009","SUCCESS",""
"compliance-level-3/1107-feel-substring-before-function-test","1107-feel-substring-before-function-test-test-01","001","SUCCESS",""
"compliance-level-3/1107-feel-substring-before-function-test","1107-feel-substring-before-function-test-test-01","002","SUCCESS",""
"compliance-level-3/1107-feel-substring-before-function-test","1107-feel-substring-before-function-test-test-01","003","SUCCESS",""
"compliance-level-3/1107-feel-substring-before-function-test","1107-feel-substring-before-function-test-test-01","004","SUCCESS",""
"compliance-level-3/1107-feel-substring-before-function-test","1107-feel-substring-before-function-test-test-01","005","SUCCESS",""
"compliance-level-3/1107-feel-substring-before-function-test","1107-feel-substring-before-function-test-test-01","006","SUCCESS",""
"compliance-level-3/1107-feel-substring-before-function-test","1107-feel-substring-before-function-test-test-01","007","SUCCESS",""
"compliance-level-3/1107-feel-substring-before-function-test","1107-feel-substring-before-function-test-test-01","008","SUCCESS",""
"compliance-level-3/1107-feel-substring-before-function-test","1107-feel-substring-before-function-test-test-01","009","SUCCESS",""
"compliance-level-3/1108-feel-substring-after-function-test","1108-feel-substring-after-function-test-test-01","001","SUCCESS",""
"compliance-level-3/1108-feel-substring-after-function-test","1108-feel-substring-after-function-test-test-01","002","SUCCESS",""
"compliance-level-3/1108-feel-substring-after-function-test","1108-feel-substring-after-function-test-test-01","003","SUCCESS",""
"compliance-level-3/1108-feel-substring-after-function-test","1108-feel-substring-after-function-test-test-01","004","SUCCESS",""
"compliance-level-3/1108-feel-substring-after-function-test","1108-feel-substring-after-function-test-test-01","005","SUCCESS",""
"compliance-level-3/1108-feel-substring-after-function-test","1108-feel-substring-after-function-test-test-01","006","SUCCESS",""
"compliance-level-3/1108-feel-substring-after-function-test","1108-feel-substring-after-function-test-test-01","007","SUCCESS",""
"compliance-level-3/1108-feel-substring-after-function-test","1108-feel-substring-after-function-test-test-01","008","SUCCESS",""
"compliance-level-3/1108-feel-substring-after-function-test","1108-feel-substring-after-function-test-test-01","009","SUCCESS",""
"compliance-level-3/1108-feel-substring-after-function-test","1108-feel-substring-after-function-test-test-01","010","SUCCESS",""
"compliance-level-3/1109-feel-replace-function-test","1109-feel-replace-function-test-test-01","001","SUCCESS",""
"compliance-level-3/1109-feel-replace-function-test","1109-feel-replace-function-test-test-01","002","SUCCESS",""
"compliance-level-3/1109-feel-replace-function-test","1109-feel-replace-function-test-test-01","003","SUCCESS",""
"compliance-level-3/1109-feel-replace-function-test","1109-feel-replace-function-test-test-01","004","SUCCESS",""
"compliance-level-3/1109-feel-replace-function-test","1109-feel-replace-function-test-test-01","005","SUCCESS",""
"compliance-level-3/1109-feel-replace-function-test","1109-feel-replace-function-test-test-01","006","SUCCESS",""
"compliance-level-3/1109-feel-replace-function-test","1109-feel-replace-function-test-test-01","007","SUCCESS",""
"compliance-level-3/1109-feel-replace-function-test","1109-feel-replace-function-test-test-01","008","SUCCESS",""
"compliance-level-3/1109-feel-replace-function-test","1109-feel-replace-function-test-test-01","009","SUCCESS",""
"compliance-level-3/1109-feel-replace-function-test","1109-feel-replace-function-test-test-01","010","SUCCESS",""
"compliance-level-3/1109-feel-replace-function-test","1109-feel-replace-function-test-test-01","011","SUCCESS",""
"compliance-level-3/1109-feel-replace-function-test","1109-feel-replace-function-test-test-01","012","SUCCESS",""
"compliance-level-3/1109-feel-replace-function-test","1109-feel-replace-function-test-test-01","013","SUCCESS",""
"compliance-level-3/1109-feel-replace-function-test","1109-feel-replace-function-test-test-01","014","SUCCESS",""
"compliance-level-3/1109-feel-replace-function-test","1109-feel-replace-function-test-test-01","015","SUCCESS",""
"compliance-level-3/1109-feel-replace-function-test","1109-feel-replace-function-test-test-01","016","SUCCESS",""
"compliance-level-3/1109-feel-replace-function-test","1109-feel-replace-function-test-test-01","017","SUCCESS",""
"compliance-level-3/1109-feel-replace-function-test","1109-feel-replace-function-test-test-01","018","IGNORED",""
"compliance-level-3/1109-feel-replace-function-test","1109-feel-replace-function-test-test-01","019","SUCCESS",""
"compliance-level-3/1109-feel-replace-function-test","1109-feel-replace-function-test-test-01","020","SUCCESS",""
"compliance-level-3/1109-feel-replace-function-test","1109-feel-replace-function-test-test-01","021","SUCCESS",""
"compliance-level-3/1109-feel-replace-function-test","1109-feel-replace-function-test-test-01","022","SUCCESS",""
"compliance-level-3/1109-feel-replace-function-test","1109-feel-replace-function-test-test-01","023","SUCCESS",""
"compliance-level-3/1109-feel-replace-function-test","1109-feel-replace-function-test-test-01","024","SUCCESS",""
"compliance-level-3/1109-feel-replace-function-test","1109-feel-replace-function-test-test-01","025","SUCCESS",""
"compliance-level-3/1109-feel-replace-function-test","1109-feel-replace-function-test-test-01","026","SUCCESS",""
"compliance-level-3/1109-feel-replace-function-test","1109-feel-replace-function-test-test-01","027","SUCCESS",""
"compliance-level-3/1109-feel-replace-function-test","1109-feel-replace-function-test-test-01","028","SUCCESS",""
"compliance-level-3/1109-feel-replace-function-test","1109-feel-replace-function-test-test-01","029","SUCCESS",""
"compliance-level-3/1110-feel-contains-function","1110-feel-contains-function-test-01","001","SUCCESS",""
"compliance-level-3/1110-feel-contains-function","1110-feel-contains-function-test-01","002","SUCCESS",""
"compliance-level-3/1110-feel-contains-function","1110-feel-contains-function-test-01","003","SUCCESS",""
"compliance-level-3/1110-feel-contains-function","1110-feel-contains-function-test-01","004","SUCCESS",""
"compliance-level-3/1110-feel-contains-function","1110-feel-contains-function-test-01","005","SUCCESS",""
"compliance-level-3/1110-feel-contains-function","1110-feel-contains-function-test-01","006","SUCCESS",""
"compliance-level-3/1110-feel-contains-function","1110-feel-contains-function-test-01","007","SUCCESS",""
"compliance-level-3/1110-feel-contains-function","1110-feel-contains-function-test-01","008","SUCCESS",""
"compliance-level-3/1110-feel-contains-function","1110-feel-contains-function-test-01","009","SUCCESS",""
"compliance-level-3/1110-feel-contains-function","1110-feel-contains-function-test-01","010","SUCCESS",""
"compliance-level-3/1115-feel-date-function","1115-feel-date-function-test-01","001","SUCCESS",""
"compliance-level-3/1115-feel-date-function","1115-feel-date-function-test-01","002","IGNORED",""
"compliance-level-3/1115-feel-date-function","1115-feel-date-function-test-01","003","SUCCESS",""
"compliance-level-3/1115-feel-date-function","1115-feel-date-function-test-01","004","SUCCESS",""
"compliance-level-3/1115-feel-date-function","1115-feel-date-function-test-01","005","SUCCESS",""
"compliance-level-3/1115-feel-date-function","1115-feel-date-function-test-01","006","SUCCESS",""
"compliance-level-3/1115-feel-date-function","1115-feel-date-function-test-01","007","SUCCESS",""
"compliance-level-3/1115-feel-date-function","1115-feel-date-function-test-01","008","SUCCESS",""
"compliance-level-3/1115-feel-date-function","1115-feel-date-function-test-01","009","SUCCESS",""
"compliance-level-3/1115-feel-date-function","1115-feel-date-function-test-01","010","IGNORED",""
"compliance-level-3/1115-feel-date-function","1115-feel-date-function-test-01","011","SUCCESS",""
"compliance-level-3/1115-feel-date-function","1115-feel-date-function-test-01","012","SUCCESS",""
"compliance-level-3/1115-feel-date-function","1115-feel-date-function-test-01","013","SUCCESS",""
"compliance-level-3/1115-feel-date-function","1115-feel-date-function-test-01","014","SUCCESS",""
"compliance-level-3/1115-feel-date-function","1115-feel-date-function-test-01","015","IGNORED",""
"compliance-level-3/1115-feel-date-function","1115-feel-date-function-test-01","016","IGNORED",""
"compliance-level-3/1115-feel-date-function","1115-feel-date-function-test-01","017","SUCCESS",""
"compliance-level-3/1115-feel-date-function","1115-feel-date-function-test-01","018","SUCCESS",""
"compliance-level-3/1115-feel-date-function","1115-feel-date-function-test-01","019","SUCCESS",""
"compliance-level-3/1115-feel-date-function","1115-feel-date-function-test-01","020","IGNORED",""
"compliance-level-3/1115-feel-date-function","1115-feel-date-function-test-01","021","IGNORED",""
"compliance-level-3/1115-feel-date-function","1115-feel-date-function-test-01","022","IGNORED",""
"compliance-level-3/1115-feel-date-function","1115-feel-date-function-test-01","023","SUCCESS",""
"compliance-level-3/1115-feel-date-function","1115-feel-date-function-test-01","024","SUCCESS",""
"compliance-level-3/1115-feel-date-function","1115-feel-date-function-test-01","025","SUCCESS",""
"compliance-level-3/1115-feel-date-function","1115-feel-date-function-test-01","026","SUCCESS",""
"compliance-level-3/1115-feel-date-function","1115-feel-date-function-test-01","027","SUCCESS",""
"compliance-level-3/1115-feel-date-function","1115-feel-date-function-test-01","028","IGNORED",""
"compliance-level-3/1115-feel-date-function","1115-feel-date-function-test-01","029","IGNORED",""
"compliance-level-3/1115-feel-date-function","1115-feel-date-function-test-01","030","IGNORED",""
"compliance-level-3/1115-feel-date-function","1115-feel-date-function-test-01","031","IGNORED",""
"compliance-level-3/1115-feel-date-function","1115-feel-date-function-test-01","032","IGNORED",""
"compliance-level-3/1115-feel-date-function","1115-feel-date-function-test-01","033","IGNORED",""
"compliance-level-3/1115-feel-date-function","1115-feel-date-function-test-01","034","IGNORED",""
"compliance-level-3/1115-feel-date-function","1115-feel-date-function-test-01","035","IGNORED",""
"compliance-level-3/1115-feel-date-function","1115-feel-date-function-test-01","036","IGNORED",""
"compliance-level-3/1115-feel-date-function","1115-feel-date-function-test-01","037","IGNORED",""
"compliance-level-3/1115-feel-date-function","1115-feel-date-function-test-01","038","IGNORED",""
"compliance-level-3/1115-feel-date-function","1115-feel-date-function-test-01","039","IGNORED",""
"compliance-level-3/1115-feel-date-function","1115-feel-date-function-test-01","040","IGNORED",""
"compliance-level-3/1115-feel-date-function","1115-feel-date-function-test-01","041","IGNORED",""
"compliance-level-3/1115-feel-date-function","1115-feel-date-function-test-01","042","IGNORED",""
"compliance-level-3/1115-feel-date-function","1115-feel-date-function-test-01","043","IGNORED",""
"compliance-level-3/1115-feel-date-function","1115-feel-date-function-test-01","044","IGNORED",""
"compliance-level-3/1115-feel-date-function","1115-feel-date-function-test-01","045","IGNORED",""
"compliance-level-3/1115-feel-date-function","1115-feel-date-function-test-01","046","IGNORED",""
"compliance-level-3/1115-feel-date-function","1115-feel-date-function-test-01","047","IGNORED",""
"compliance-level-3/1115-feel-date-function","1115-feel-date-function-test-01","048","SUCCESS",""
"compliance-level-3/1115-feel-date-function","1115-feel-date-function-test-01","049","SUCCESS",""
"compliance-level-3/1115-feel-date-function","1115-feel-date-function-test-01","050","SUCCESS",""
"compliance-level-3/1115-feel-date-function","1115-feel-date-function-test-01","051","IGNORED",""
"compliance-level-3/1115-feel-date-function","1115-feel-date-function-test-01","052","SUCCESS",""
"compliance-level-3/1115-feel-date-function","1115-feel-date-function-test-01","053","SUCCESS",""
"compliance-level-3/1116-feel-time-function","1116-feel-time-function-test-01","001","SUCCESS",""
"compliance-level-3/1116-feel-time-function","1116-feel-time-function-test-01","002","SUCCESS",""
"compliance-level-3/1116-feel-time-function","1116-feel-time-function-test-01","003","SUCCESS",""
"compliance-level-3/1116-feel-time-function","1116-feel-time-function-test-01","004","SUCCESS",""
"compliance-level-3/1116-feel-time-function","1116-feel-time-function-test-01","005","SUCCESS",""
"compliance-level-3/1116-feel-time-function","1116-feel-time-function-test-01","006","SUCCESS",""
"compliance-level-3/1116-feel-time-function","1116-feel-time-function-test-01","007","SUCCESS",""
"compliance-level-3/1116-feel-time-function","1116-feel-time-function-test-01","008","SUCCESS",""
"compliance-level-3/1116-feel-time-function","1116-feel-time-function-test-01","009","SUCCESS",""
"compliance-level-3/1116-feel-time-function","1116-feel-time-function-test-01","010","SUCCESS",""
"compliance-level-3/1116-feel-time-function","1116-feel-time-function-test-01","011","SUCCESS",""
"compliance-level-3/1116-feel-time-function","1116-feel-time-function-test-01","012","SUCCESS",""
"compliance-level-3/1116-feel-time-function","1116-feel-time-function-test-01","013","SUCCESS",""
"compliance-level-3/1116-feel-time-function","1116-feel-time-function-test-01","014","SUCCESS",""
"compliance-level-3/1116-feel-time-function","1116-feel-time-function-test-01","015","IGNORED",""
"compliance-level-3/1116-feel-time-function","1116-feel-time-function-test-01","016","IGNORED",""
"compliance-level-3/1116-feel-time-function","1116-feel-time-function-test-01","017","SUCCESS",""
"compliance-level-3/1116-feel-time-function","1116-feel-time-function-test-01","018","SUCCESS",""
"compliance-level-3/1116-feel-time-function","1116-feel-time-function-test-01","019","IGNORED",""
"compliance-level-3/1116-feel-time-function","1116-feel-time-function-test-01","020","IGNORED",""
"compliance-level-3/1116-feel-time-function","1116-feel-time-function-test-01","021","IGNORED",""
"compliance-level-3/1116-feel-time-function","1116-feel-time-function-test-01","022","IGNORED",""
"compliance-level-3/1116-feel-time-function","1116-feel-time-function-test-01","023","IGNORED",""
"compliance-level-3/1116-feel-time-function","1116-feel-time-function-test-01","024","IGNORED",""
"compliance-level-3/1116-feel-time-function","1116-feel-time-function-test-01","025","SUCCESS",""
"compliance-level-3/1116-feel-time-function","1116-feel-time-function-test-01","026","SUCCESS",""
"compliance-level-3/1116-feel-time-function","1116-feel-time-function-test-01","027","SUCCESS",""
"compliance-level-3/1116-feel-time-function","1116-feel-time-function-test-01","028","SUCCESS",""
"compliance-level-3/1116-feel-time-function","1116-feel-time-function-test-01","029","IGNORED",""
"compliance-level-3/1116-feel-time-function","1116-feel-time-function-test-01","030","IGNORED",""
"compliance-level-3/1116-feel-time-function","1116-feel-time-function-test-01","031","SUCCESS",""
"compliance-level-3/1116-feel-time-function","1116-feel-time-function-test-01","032","SUCCESS",""
"compliance-level-3/1116-feel-time-function","1116-feel-time-function-test-01","033","SUCCESS",""
"compliance-level-3/1116-feel-time-function","1116-feel-time-function-test-01","034","SUCCESS",""
"compliance-level-3/1116-feel-time-function","1116-feel-time-function-test-01","035","SUCCESS",""
"compliance-level-3/1116-feel-time-function","1116-feel-time-function-test-01","036","IGNORED",""
"compliance-level-3/1116-feel-time-function","1116-feel-time-function-test-01","037","IGNORED",""
"compliance-level-3/1116-feel-time-function","1116-feel-time-function-test-01","038","IGNORED",""
"compliance-level-3/1116-feel-time-function","1116-feel-time-function-test-01","039","IGNORED",""
"compliance-level-3/1116-feel-time-function","1116-feel-time-function-test-01","040","SUCCESS",""
"compliance-level-3/1116-feel-time-function","1116-feel-time-function-test-01","041","SUCCESS",""
"compliance-level-3/1116-feel-time-function","1116-feel-time-function-test-01","042","SUCCESS",""
"compliance-level-3/1116-feel-time-function","1116-feel-time-function-test-01","043","SUCCESS",""
"compliance-level-3/1116-feel-time-function","1116-feel-time-function-test-01","044","SUCCESS",""
"compliance-level-3/1116-feel-time-function","1116-feel-time-function-test-01","045","SUCCESS",""
"compliance-level-3/1116-feel-time-function","1116-feel-time-function-test-01","046","SUCCESS",""
"compliance-level-3/1116-feel-time-function","1116-feel-time-function-test-01","047","IGNORED",""
"compliance-level-3/1116-feel-time-function","1116-feel-time-function-test-01","048","IGNORED",""
"compliance-level-3/1116-feel-time-function","1116-feel-time-function-test-01","049","SUCCESS",""
"compliance-level-3/1116-feel-time-function","1116-feel-time-function-test-01","050","SUCCESS",""
"compliance-level-3/1116-feel-time-function","1116-feel-time-function-test-01","051","SUCCESS",""
"compliance-level-3/1116-feel-time-function","1116-feel-time-function-test-01","052","IGNORED",""
"compliance-level-3/1116-feel-time-function","1116-feel-time-function-test-01","053","SUCCESS",""
"compliance-level-3/1116-feel-time-function","1116-feel-time-function-test-01","054","IGNORED",""
"compliance-level-3/1116-feel-time-function","1116-feel-time-function-test-01","055","SUCCESS",""
"compliance-level-3/1116-feel-time-function","1116-feel-time-function-test-01","056","SUCCESS",""
"compliance-level-3/1116-feel-time-function","1116-feel-time-function-test-01","057","IGNORED",""
"compliance-level-3/1116-feel-time-function","1116-feel-time-function-test-01","058","SUCCESS",""
"compliance-level-3/1116-feel-time-function","1116-feel-time-function-test-01","059","IGNORED",""
"compliance-level-3/1116-feel-time-function","1116-feel-time-function-test-01","060","IGNORED",""
"compliance-level-3/1116-feel-time-function","1116-feel-time-function-test-01","061","IGNORED",""
"compliance-level-3/1116-feel-time-function","1116-feel-time-function-test-01","062","IGNORED",""
"compliance-level-3/1116-feel-time-function","1116-feel-time-function-test-01","063","IGNORED",""
"compliance-level-3/1116-feel-time-function","1116-feel-time-function-test-01","064","IGNORED",""
"compliance-level-3/1116-feel-time-function","1116-feel-time-function-test-01","065","IGNORED",""
"compliance-level-3/1116-feel-time-function","1116-feel-time-function-test-01","066","IGNORED",""
"compliance-level-3/1116-feel-time-function","1116-feel-time-function-test-01","067","IGNORED",""
"compliance-level-3/1116-feel-time-function","1116-feel-time-function-test-01","068","IGNORED",""
"compliance-level-3/1116-feel-time-function","1116-feel-time-function-test-01","069","IGNORED",""
"compliance-level-3/1116-feel-time-function","1116-feel-time-function-test-01","070","IGNORED",""
"compliance-level-3/1116-feel-time-function","1116-feel-time-function-test-01","071","IGNORED",""
"compliance-level-3/1116-feel-time-function","1116-feel-time-function-test-01","072","IGNORED",""
"compliance-level-3/1116-feel-time-function","1116-feel-time-function-test-01","073","IGNORED",""
"compliance-level-3/1116-feel-time-function","1116-feel-time-function-test-01","074","IGNORED",""
"compliance-level-3/1116-feel-time-function","1116-feel-time-function-test-01","075","IGNORED",""
"compliance-level-3/1116-feel-time-function","1116-feel-time-function-test-01","076","IGNORED",""
"compliance-level-3/1116-feel-time-function","1116-feel-time-function-test-01","077","IGNORED",""
"compliance-level-3/1116-feel-time-function","1116-feel-time-function-test-01","078","IGNORED",""
"compliance-level-3/1116-feel-time-function","1116-feel-time-function-test-01","079","IGNORED",""
"compliance-level-3/1116-feel-time-function","1116-feel-time-function-test-01","080","SUCCESS",""
"compliance-level-3/1116-feel-time-function","1116-feel-time-function-test-01","081","SUCCESS",""
"compliance-level-3/1116-feel-time-function","1116-feel-time-function-test-01","082","SUCCESS",""
"compliance-level-3/1116-feel-time-function","1116-feel-time-function-test-01","083","SUCCESS",""
"compliance-level-3/1116-feel-time-function","1116-feel-time-function-test-01","084","IGNORED",""
"compliance-level-3/1116-feel-time-function","1116-feel-time-function-test-01","085","IGNORED",""
"compliance-level-3/1116-feel-time-function","1116-feel-time-function-test-01","086","SUCCESS",""
"compliance-level-3/1116-feel-time-function","1116-feel-time-function-test-01","087","SUCCESS",""
"compliance-level-3/1116-feel-time-function","1116-feel-time-function-test-01","088","SUCCESS",""
"compliance-level-3/1116-feel-time-function","1116-feel-time-function-test-01","089","SUCCESS",""
"compliance-level-3/1117-feel-date-and-time-function","1117-feel-date-and-time-function-test-01","001","SUCCESS",""
"compliance-level-3/1117-feel-date-and-time-function","1117-feel-date-and-time-function-test-01","002","SUCCESS",""
"compliance-level-3/1117-feel-date-and-time-function","1117-feel-date-and-time-function-test-01","003","SUCCESS",""
"compliance-level-3/1117-feel-date-and-time-function","1117-feel-date-and-time-function-test-01","004","SUCCESS",""
"compliance-level-3/1117-feel-date-and-time-function","1117-feel-date-and-time-function-test-01","005","SUCCESS",""
"compliance-level-3/1117-feel-date-and-time-function","1117-feel-date-and-time-function-test-01","006","IGNORED",""
"compliance-level-3/1117-feel-date-and-time-function","1117-feel-date-and-time-function-test-01","007","SUCCESS",""
"compliance-level-3/1117-feel-date-and-time-function","1117-feel-date-and-time-function-test-01","008","SUCCESS",""
"compliance-level-3/1117-feel-date-and-time-function","1117-feel-date-and-time-function-test-01","009","SUCCESS",""
"compliance-level-3/1117-feel-date-and-time-function","1117-feel-date-and-time-function-test-01","010","IGNORED",""
"compliance-level-3/1117-feel-date-and-time-function","1117-feel-date-and-time-function-test-01","011","IGNORED",""
"compliance-level-3/1117-feel-date-and-time-function","1117-feel-date-and-time-function-test-01","012","IGNORED",""
"compliance-level-3/1117-feel-date-and-time-function","1117-feel-date-and-time-function-test-01","013","IGNORED",""
"compliance-level-3/1117-feel-date-and-time-function","1117-feel-date-and-time-function-test-01","014","IGNORED",""
"compliance-level-3/1117-feel-date-and-time-function","1117-feel-date-and-time-function-test-01","015","IGNORED",""
"compliance-level-3/1117-feel-date-and-time-function","1117-feel-date-and-time-function-test-01","016","SUCCESS",""
"compliance-level-3/1117-feel-date-and-time-function","1117-feel-date-and-time-function-test-01","017","SUCCESS",""
"compliance-level-3/1117-feel-date-and-time-function","1117-feel-date-and-time-function-test-01","018","SUCCESS",""
"compliance-level-3/1117-feel-date-and-time-function","1117-feel-date-and-time-function-test-01","019","SUCCESS",""
"compliance-level-3/1117-feel-date-and-time-function","1117-feel-date-and-time-function-test-01","020","IGNORED",""
"compliance-level-3/1117-feel-date-and-time-function","1117-feel-date-and-time-function-test-01","021","IGNORED",""
"compliance-level-3/1117-feel-date-and-time-function","1117-feel-date-and-time-function-test-01","022","IGNORED",""
"compliance-level-3/1117-feel-date-and-time-function","1117-feel-date-and-time-function-test-01","023","IGNORED",""
"compliance-level-3/1117-feel-date-and-time-function","1117-feel-date-and-time-function-test-01","024","IGNORED",""
"compliance-level-3/1117-feel-date-and-time-function","1117-feel-date-and-time-function-test-01","025","IGNORED",""
"compliance-level-3/1117-feel-date-and-time-function","1117-feel-date-and-time-function-test-01","026","IGNORED",""
"compliance-level-3/1117-feel-date-and-time-function","1117-feel-date-and-time-function-test-01","027","IGNORED",""
"compliance-level-3/1117-feel-date-and-time-function","1117-feel-date-and-time-function-test-01","028","SUCCESS",""
"compliance-level-3/1117-feel-date-and-time-function","1117-feel-date-and-time-function-test-01","029","IGNORED",""
"compliance-level-3/1117-feel-date-and-time-function","1117-feel-date-and-time-function-test-01","030","SUCCESS",""
"compliance-level-3/1117-feel-date-and-time-function","1117-feel-date-and-time-function-test-01","031","IGNORED",""
"compliance-level-3/1117-feel-date-and-time-function","1117-feel-date-and-time-function-test-01","032","IGNORED",""
"compliance-level-3/1117-feel-date-and-time-function","1117-feel-date-and-time-function-test-01","033","SUCCESS",""
"compliance-level-3/1117-feel-date-and-time-function","1117-feel-date-and-time-function-test-01","034","IGNORED",""
"compliance-level-3/1117-feel-date-and-time-function","1117-feel-date-and-time-function-test-01","035","SUCCESS",""
"compliance-level-3/1117-feel-date-and-time-function","1117-feel-date-and-time-function-test-01","036","IGNORED",""
"compliance-level-3/1117-feel-date-and-time-function","1117-feel-date-and-time-function-test-01","037","IGNORED",""
"compliance-level-3/1117-feel-date-and-time-function","1117-feel-date-and-time-function-test-01","038","IGNORED",""
"compliance-level-3/1117-feel-date-and-time-function","1117-feel-date-and-time-function-test-01","039","IGNORED",""
"compliance-level-3/1117-feel-date-and-time-function","1117-feel-date-and-time-function-test-01","040","SUCCESS",""
"compliance-level-3/1117-feel-date-and-time-function","1117-feel-date-and-time-function-test-01","041","IGNORED",""
"compliance-level-3/1117-feel-date-and-time-function","1117-feel-date-and-time-function-test-01","042","SUCCESS",""
"compliance-level-3/1117-feel-date-and-time-function","1117-feel-date-and-time-function-test-01","043","IGNORED",""
"compliance-level-3/1117-feel-date-and-time-function","1117-feel-date-and-time-function-test-01","044","IGNORED",""
"compliance-level-3/1117-feel-date-and-time-function","1117-feel-date-and-time-function-test-01","045","IGNORED",""
"compliance-level-3/1117-feel-date-and-time-function","1117-feel-date-and-time-function-test-01","046","IGNORED",""
"compliance-level-3/1117-feel-date-and-time-function","1117-feel-date-and-time-function-test-01","047","IGNORED",""
"compliance-level-3/1117-feel-date-and-time-function","1117-feel-date-and-time-function-test-01","048","IGNORED",""
"compliance-level-3/1117-feel-date-and-time-function","1117-feel-date-and-time-function-test-01","049","IGNORED",""
"compliance-level-3/1117-feel-date-and-time-function","1117-feel-date-and-time-function-test-01","050","IGNORED",""
"compliance-level-3/1117-feel-date-and-time-function","1117-feel-date-and-time-function-test-01","051","IGNORED",""
"compliance-level-3/1117-feel-date-and-time-function","1117-feel-date-and-time-function-test-01","052","IGNORED",""
"compliance-level-3/1117-feel-date-and-time-function","1117-feel-date-and-time-function-test-01","053","IGNORED",""
"compliance-level-3/1117-feel-date-and-time-function","1117-feel-date-and-time-function-test-01","054","SUCCESS",""
"compliance-level-3/1117-feel-date-and-time-function","1117-feel-date-and-time-function-test-01","055","SUCCESS",""
"compliance-level-3/1117-feel-date-and-time-function","1117-feel-date-and-time-function-test-01","056","IGNORED",""
"compliance-level-3/1117-feel-date-and-time-function","1117-feel-date-and-time-function-test-01","057","IGNORED",""
"compliance-level-3/1117-feel-date-and-time-function","1117-feel-date-and-time-function-test-01","058","IGNORED",""
"compliance-level-3/1117-feel-date-and-time-function","1117-feel-date-and-time-function-test-01","059","IGNORED",""
"compliance-level-3/1117-feel-date-and-time-function","1117-feel-date-and-time-function-test-01","060","IGNORED",""
"compliance-level-3/1117-feel-date-and-time-function","1117-feel-date-and-time-function-test-01","061","IGNORED",""
"compliance-level-3/1117-feel-date-and-time-function","1117-feel-date-and-time-function-test-01","062","IGNORED",""
"compliance-level-3/1117-feel-date-and-time-function","1117-feel-date-and-time-function-test-01","063","IGNORED",""
"compliance-level-3/1117-feel-date-and-time-function","1117-feel-date-and-time-function-test-01","064","IGNORED",""
"compliance-level-3/1117-feel-date-and-time-function","1117-feel-date-and-time-function-test-01","065","IGNORED",""
"compliance-level-3/1117-feel-date-and-time-function","1117-feel-date-and-time-function-test-01","066","IGNORED",""
"compliance-level-3/1117-feel-date-and-time-function","1117-feel-date-and-time-function-test-01","067","IGNORED",""
"compliance-level-3/1117-feel-date-and-time-function","1117-feel-date-and-time-function-test-01","068","IGNORED",""
"compliance-level-3/1117-feel-date-and-time-function","1117-feel-date-and-time-function-test-01","069","IGNORED",""
"compliance-level-3/1117-feel-date-and-time-function","1117-feel-date-and-time-function-test-01","070","IGNORED",""
"compliance-level-3/1117-feel-date-and-time-function","1117-feel-date-and-time-function-test-01","071","IGNORED",""
"compliance-level-3/1117-feel-date-and-time-function","1117-feel-date-and-time-function-test-01","072","IGNORED",""
"compliance-level-3/1117-feel-date-and-time-function","1117-feel-date-and-time-function-test-01","073","IGNORED",""
"compliance-level-3/1117-feel-date-and-time-function","1117-feel-date-and-time-function-test-01","074","IGNORED",""
"compliance-level-3/1117-feel-date-and-time-function","1117-feel-date-and-time-function-test-01","075","IGNORED",""
"compliance-level-3/1117-feel-date-and-time-function","1117-feel-date-and-time-function-test-01","076","IGNORED",""
"compliance-level-3/1117-feel-date-and-time-function","1117-feel-date-and-time-function-test-01","077","IGNORED",""
"compliance-level-3/1117-feel-date-and-time-function","1117-feel-date-and-time-function-test-01","078","IGNORED",""
"compliance-level-3/1117-feel-date-and-time-function","1117-feel-date-and-time-function-test-01","079","IGNORED",""
"compliance-level-3/1117-feel-date-and-time-function","1117-feel-date-and-time-function-test-01","080","IGNORED",""
"compliance-level-3/1117-feel-date-and-time-function","1117-feel-date-and-time-function-test-01","081","IGNORED",""
"compliance-level-3/1117-feel-date-and-time-function","1117-feel-date-and-time-function-test-01","082","IGNORED",""
"compliance-level-3/1117-feel-date-and-time-function","1117-feel-date-and-time-function-test-01","083","IGNORED",""
"compliance-level-3/1117-feel-date-and-time-function","1117-feel-date-and-time-function-test-01","084","IGNORED",""
"compliance-level-3/1117-feel-date-and-time-function","1117-feel-date-and-time-function-test-01","085","IGNORED",""
"compliance-level-3/1117-feel-date-and-time-function","1117-feel-date-and-time-function-test-01","086","SUCCESS",""
"compliance-level-3/1120-feel-duration-function","1120-feel-duration-function-test-01","001","SUCCESS",""
"compliance-level-3/1120-feel-duration-function","1120-feel-duration-function-test-01","002","IGNORED",""
"compliance-level-3/1120-feel-duration-function","1120-feel-duration-function-test-01","003","SUCCESS",""
"compliance-level-3/1120-feel-duration-function","1120-feel-duration-function-test-01","004","SUCCESS",""
"compliance-level-3/1120-feel-duration-function","1120-feel-duration-function-test-01","005","SUCCESS",""
"compliance-level-3/1120-feel-duration-function","1120-feel-duration-function-test-01","006","SUCCESS",""
"compliance-level-3/1120-feel-duration-function","1120-feel-duration-function-test-01","007","IGNORED",""
"compliance-level-3/1120-feel-duration-function","1120-feel-duration-function-test-01","008","IGNORED",""
"compliance-level-3/1120-feel-duration-function","1120-feel-duration-function-test-01","009","SUCCESS",""
"compliance-level-3/1120-feel-duration-function","1120-feel-duration-function-test-01","010","SUCCESS",""
"compliance-level-3/1120-feel-duration-function","1120-feel-duration-function-test-01","011","SUCCESS",""
"compliance-level-3/1120-feel-duration-function","1120-feel-duration-function-test-01","012","SUCCESS",""
"compliance-level-3/1120-feel-duration-function","1120-feel-duration-function-test-01","013","SUCCESS",""
"compliance-level-3/1120-feel-duration-function","1120-feel-duration-function-test-01","014","SUCCESS",""
"compliance-level-3/1120-feel-duration-function","1120-feel-duration-function-test-01","015","SUCCESS",""
"compliance-level-3/1120-feel-duration-function","1120-feel-duration-function-test-01","016","SUCCESS",""
"compliance-level-3/1120-feel-duration-function","1120-feel-duration-function-test-01","017","IGNORED",""
"compliance-level-3/1120-feel-duration-function","1120-feel-duration-function-test-01","018","SUCCESS",""
"compliance-level-3/1120-feel-duration-function","1120-feel-duration-function-test-01","019","SUCCESS",""
"compliance-level-3/1120-feel-duration-function","1120-feel-duration-function-test-01","020","SUCCESS",""
"compliance-level-3/1120-feel-duration-function","1120-feel-duration-function-test-01","021","SUCCESS",""
"compliance-level-3/1120-feel-duration-function","1120-feel-duration-function-test-01","022","SUCCESS",""
"compliance-level-3/1120-feel-duration-function","1120-feel-duration-function-test-01","023","SUCCESS",""
"compliance-level-3/1120-feel-duration-function","1120-feel-duration-function-test-01","024","SUCCESS",""
"compliance-level-3/1120-feel-duration-function","1120-feel-duration-function-test-01","025","SUCCESS",""
"compliance-level-3/1120-feel-duration-function","1120-feel-duration-function-test-01","026","SUCCESS",""
"compliance-level-3/1120-feel-duration-function","1120-feel-duration-function-test-01","027","IGNORED",""
"compliance-level-3/1120-feel-duration-function","1120-feel-duration-function-test-01","028","IGNORED",""
"compliance-level-3/1120-feel-duration-function","1120-feel-duration-function-test-01","029","IGNORED",""
"compliance-level-3/1120-feel-duration-function","1120-feel-duration-function-test-01","030","IGNORED",""
"compliance-level-3/1120-feel-duration-function","1120-feel-duration-function-test-01","031","IGNORED",""
"compliance-level-3/1120-feel-duration-function","1120-feel-duration-function-test-01","032","IGNORED",""
"compliance-level-3/1120-feel-duration-function","1120-feel-duration-function-test-01","033","IGNORED",""
"compliance-level-3/1120-feel-duration-function","1120-feel-duration-function-test-01","034","IGNORED",""
"compliance-level-3/1120-feel-duration-function","1120-feel-duration-function-test-01","035","IGNORED",""
"compliance-level-3/1120-feel-duration-function","1120-feel-duration-function-test-01","036","SUCCESS",""
"compliance-level-3/1120-feel-duration-function","1120-feel-duration-function-test-01","037","IGNORED",""
"compliance-level-3/1120-feel-duration-function","1120-feel-duration-function-test-01","038","SUCCESS",""
"compliance-level-3/1120-feel-duration-function","1120-feel-duration-function-test-01","039","SUCCESS",""
"compliance-level-3/1120-feel-duration-function","1120-feel-duration-function-test-01","040","IGNORED",""
"compliance-level-3/1120-feel-duration-function","1120-feel-duration-function-test-01","041","IGNORED",""
"compliance-level-3/1120-feel-duration-function","1120-feel-duration-function-test-01","042","SUCCESS",""
"compliance-level-3/1120-feel-duration-function","1120-feel-duration-function-test-01","043","IGNORED",""
"compliance-level-3/1120-feel-duration-function","1120-feel-duration-function-test-01","044","SUCCESS",""
"compliance-level-3/1120-feel-duration-function","1120-feel-duration-function-test-01","045","IGNORED",""
"compliance-level-3/1120-feel-duration-function","1120-feel-duration-function-test-01","046","IGNORED",""
"compliance-level-3/1120-feel-duration-function","1120-feel-duration-function-test-01","047","IGNORED",""
"compliance-level-3/1120-feel-duration-function","1120-feel-duration-function-test-01","048","IGNORED",""
"compliance-level-3/1120-feel-duration-function","1120-feel-duration-function-test-01","049","IGNORED",""
"compliance-level-3/1120-feel-duration-function","1120-feel-duration-function-test-01","050","IGNORED",""
"compliance-level-3/1120-feel-duration-function","1120-feel-duration-function-test-01","051","IGNORED",""
"compliance-level-3/1120-feel-duration-function","1120-feel-duration-function-test-01","052","IGNORED",""
"compliance-level-3/1120-feel-duration-function","1120-feel-duration-function-test-01","053","IGNORED",""
"compliance-level-3/1120-feel-duration-function","1120-feel-duration-function-test-01","054","IGNORED",""
"compliance-level-3/1120-feel-duration-function","1120-feel-duration-function-test-01","055","IGNORED",""
"compliance-level-3/1120-feel-duration-function","1120-feel-duration-function-test-01","056","IGNORED",""
"compliance-level-3/1120-feel-duration-function","1120-feel-duration-function-test-01","057","IGNORED",""
"compliance-level-3/1120-feel-duration-function","1120-feel-duration-function-test-01","058","IGNORED",""
"compliance-level-3/1120-feel-duration-function","1120-feel-duration-function-test-01","059","IGNORED",""
"compliance-level-3/1120-feel-duration-function","1120-feel-duration-function-test-01","060","IGNORED",""
"compliance-level-3/1121-feel-years-and-months-duration-function","1121-feel-years-and-months-duration-function-test-01","001","IGNORED",""
"compliance-level-3/1121-feel-years-and-months-duration-function","1121-feel-years-and-months-duration-function-test-01","002","SUCCESS",""
"compliance-level-3/1121-feel-years-and-months-duration-function","1121-feel-years-and-months-duration-function-test-01","003","SUCCESS",""
"compliance-level-3/1121-feel-years-and-months-duration-function","1121-feel-years-and-months-duration-function-test-01","004","SUCCESS",""
"compliance-level-3/1121-feel-years-and-months-duration-function","1121-feel-years-and-months-duration-function-test-01","005","SUCCESS",""
"compliance-level-3/1121-feel-years-and-months-duration-function","1121-feel-years-and-months-duration-function-test-01","006","SUCCESS",""
"compliance-level-3/1121-feel-years-and-months-duration-function","1121-feel-years-and-months-duration-function-test-01","007","IGNORED",""
"compliance-level-3/1121-feel-years-and-months-duration-function","1121-feel-years-and-months-duration-function-test-01","008","SUCCESS",""
"compliance-level-3/1121-feel-years-and-months-duration-function","1121-feel-years-and-months-duration-function-test-01","009","SUCCESS",""
"compliance-level-3/1121-feel-years-and-months-duration-function","1121-feel-years-and-months-duration-function-test-01","010","SUCCESS",""
"compliance-level-3/1121-feel-years-and-months-duration-function","1121-feel-years-and-months-duration-function-test-01","011","SUCCESS",""
"compliance-level-3/1121-feel-years-and-months-duration-function","1121-feel-years-and-months-duration-function-test-01","012","IGNORED",""
"compliance-level-3/1121-feel-years-and-months-duration-function","1121-feel-years-and-months-duration-function-test-01","013","IGNORED",""
"compliance-level-3/1121-feel-years-and-months-duration-function","1121-feel-years-and-months-duration-function-test-01","014","SUCCESS",""
"compliance-level-3/1121-feel-years-and-months-duration-function","1121-feel-years-and-months-duration-function-test-01","015","SUCCESS",""
"compliance-level-3/1121-feel-years-and-months-duration-function","1121-feel-years-and-months-duration-function-test-01","016","SUCCESS",""
"compliance-level-3/1121-feel-years-and-months-duration-function","1121-feel-years-and-months-duration-function-test-01","017","SUCCESS",""
"compliance-level-3/1121-feel-years-and-months-duration-function","1121-feel-years-and-months-duration-function-test-01","018","SUCCESS",""
"compliance-level-3/1121-feel-years-and-months-duration-function","1121-feel-years-and-months-duration-function-test-01","019","IGNORED",""
"compliance-level-3/1121-feel-years-and-months-duration-function","1121-feel-years-and-months-duration-function-test-01","020","IGNORED",""
"compliance-level-3/1121-feel-years-and-months-duration-function","1121-feel-years-and-months-duration-function-test-01","021","IGNORED",""
"compliance-level-3/1121-feel-years-and-months-duration-function","1121-feel-years-and-months-duration-function-test-01","022","IGNORED",""
"compliance-level-3/1121-feel-years-and-months-duration-function","1121-feel-years-and-months-duration-function-test-01","023","IGNORED",""
"compliance-level-3/1121-feel-years-and-months-duration-function","1121-feel-years-and-months-duration-function-test-01","024","IGNORED",""
"compliance-level-3/1121-feel-years-and-months-duration-function","1121-feel-years-and-months-duration-function-test-01","025","SUCCESS",""
"compliance-level-3/1121-feel-years-and-months-duration-function","1121-feel-years-and-months-duration-function-test-01","026","IGNORED",""
"compliance-level-3/1121-feel-years-and-months-duration-function","1121-feel-years-and-months-duration-function-test-01","027","IGNORED",""
"compliance-level-3/1121-feel-years-and-months-duration-function","1121-feel-years-and-months-duration-function-test-01","028","IGNORED",""
"compliance-level-3/1121-feel-years-and-months-duration-function","1121-feel-years-and-months-duration-function-test-01","029","IGNORED",""
"compliance-level-3/1121-feel-years-and-months-duration-function","1121-feel-years-and-months-duration-function-test-01","030","SUCCESS",""
"compliance-level-3/1121-feel-years-and-months-duration-function","1121-feel-years-and-months-duration-function-test-01","031","SUCCESS",""
"compliance-level-3/1121-feel-years-and-months-duration-function","1121-feel-years-and-months-duration-function-test-01","032","SUCCESS",""
"compliance-level-3/1121-feel-years-and-months-duration-function","1121-feel-years-and-months-duration-function-test-01","033","SUCCESS",""
"compliance-level-3/1121-feel-years-and-months-duration-function","1121-feel-years-and-months-duration-function-test-01","034","SUCCESS",""
"compliance-level-3/1121-feel-years-and-months-duration-function","1121-feel-years-and-months-duration-function-test-01","035","SUCCESS",""
"compliance-level-3/1121-feel-years-and-months-duration-function","1121-feel-years-and-months-duration-function-test-01","036","SUCCESS",""
