"compliance-level-2/0001-input-data-string","0001-input-data-string-test-01","001","SUCCESS","test passed"
"compliance-level-2/0002-input-data-number","0002-input-data-number-test-01","001","SUCCESS","test passed"
"compliance-level-2/0003-input-data-string-allowed-values","0003-input-data-string-allowed-values-test-01","001","SUCCESS","test passed"
"compliance-level-2/0004-simpletable-U","0004-simpletable-U-test-01","002","SUCCESS","test passed"
"compliance-level-2/0004-simpletable-U","0004-simpletable-U-test-01","001","SUCCESS","test passed"
"compliance-level-2/0004-simpletable-U","0004-simpletable-U-test-01","003","SUCCESS","test passed"
"compliance-level-2/0005-simpletable-A","0005-simpletable-A-test-01","003","SUCCESS","test passed"
"compliance-level-2/0005-simpletable-A","0005-simpletable-A-test-01","002","SUCCESS","test passed"
"compliance-level-2/0005-simpletable-A","0005-simpletable-A-test-01","001","SUCCESS","test passed"
"compliance-level-2/0006-simpletable-P1","0006-simpletable-P1-test-01","003","SUCCESS","test passed"
"compliance-level-2/0006-simpletable-P1","0006-simpletable-P1-test-01","001","SUCCESS","test passed"
"compliance-level-2/0006-simpletable-P1","0006-simpletable-P1-test-01","002","SUCCESS","test passed"
"compliance-level-2/0007-simpletable-P2","0007-simpletable-P2-test-01","001","SUCCESS","test passed"
"compliance-level-2/0007-simpletable-P2","0007-simpletable-P2-test-01","003","SUCCESS","test passed"
"compliance-level-2/0007-simpletable-P2","0007-simpletable-P2-test-01","002","SUCCESS","test passed"
"compliance-level-2/0008-LX-arithmetic","0008-LX-arithmetic-test-01","003","SUCCESS","test passed"
"compliance-level-2/0008-LX-arithmetic","0008-LX-arithmetic-test-01","002","SUCCESS","test passed"
"compliance-level-2/0008-LX-arithmetic","0008-LX-arithmetic-test-01","001","SUCCESS","test passed"
"compliance-level-2/0009-invocation-arithmetic","0009-invocation-arithmetic-test-01","002","SUCCESS","test passed"
"compliance-level-2/0009-invocation-arithmetic","0009-invocation-arithmetic-test-01","001","SUCCESS","test passed"
"compliance-level-2/0009-invocation-arithmetic","0009-invocation-arithmetic-test-01","003","SUCCESS","test passed"
"compliance-level-2/0010-multi-output-U","0010-multi-output-U-test-01","003","SUCCESS","test passed"
"compliance-level-2/0010-multi-output-U","0010-multi-output-U-test-01","002","SUCCESS","test passed"
"compliance-level-2/0010-multi-output-U","0010-multi-output-U-test-01","001","SUCCESS","test passed"
"compliance-level-2/0100-feel-constants","0100-feel-constants-test-01","001","SUCCESS","test passed"
"compliance-level-2/0101-feel-constants","0101-feel-constants-test-01","004","SUCCESS","test passed"
"compliance-level-2/0101-feel-constants","0101-feel-constants-test-01","001","SUCCESS","test passed"
"compliance-level-2/0101-feel-constants","0101-feel-constants-test-01","002","SUCCESS","test passed"
"compliance-level-2/0101-feel-constants","0101-feel-constants-test-01","007","SUCCESS","test passed"
"compliance-level-2/0101-feel-constants","0101-feel-constants-test-01","005","SUCCESS","test passed"
"compliance-level-2/0101-feel-constants","0101-feel-constants-test-01","008","SUCCESS","test passed"
"compliance-level-2/0102-feel-constants","0102-feel-constants-test-01","002","SUCCESS","test passed"
"compliance-level-2/0102-feel-constants","0102-feel-constants-test-01","004","SUCCESS","test passed"
"compliance-level-2/0102-feel-constants","0102-feel-constants-test-01","001","SUCCESS","test passed"
"compliance-level-2/0102-feel-constants","0102-feel-constants-test-01","003","SUCCESS","test passed"
"compliance-level-2/0105-feel-math","0105-feel-math-test-01","013","SUCCESS","test passed"
"compliance-level-2/0105-feel-math","0105-feel-math-test-01","014","SUCCESS","test passed"
"compliance-level-2/0105-feel-math","0105-feel-math-test-01","032","SUCCESS","test passed"
"compliance-level-2/0105-feel-math","0105-feel-math-test-01","010","SUCCESS","test passed"
"compliance-level-2/0105-feel-math","0105-feel-math-test-01","023","SUCCESS","test passed"
"compliance-level-2/0105-feel-math","0105-feel-math-test-01","008","SUCCESS","test passed"
"compliance-level-2/0105-feel-math","0105-feel-math-test-01","012","SUCCESS","test passed"
"compliance-level-2/0105-feel-math","0105-feel-math-test-01","006","SUCCESS","test passed"
"compliance-level-2/0105-feel-math","0105-feel-math-test-01","021","SUCCESS","test passed"
"compliance-level-2/0105-feel-math","0105-feel-math-test-01","002","SUCCESS","test passed"
"compliance-level-2/0105-feel-math","0105-feel-math-test-01","018","SUCCESS","test passed"
"compliance-level-2/0105-feel-math","0105-feel-math-test-01","029","SUCCESS","test passed"
"compliance-level-2/0105-feel-math","0105-feel-math-test-01","028","SUCCESS","test passed"
"compliance-level-2/0105-feel-math","0105-feel-math-test-01","003","SUCCESS","test passed"
"compliance-level-2/0105-feel-math","0105-feel-math-test-01","001","SUCCESS","test passed"
"compliance-level-2/0105-feel-math","0105-feel-math-test-01","011","SUCCESS","test passed"
"compliance-level-2/0105-feel-math","0105-feel-math-test-01","020","SUCCESS","test passed"
"compliance-level-2/0105-feel-math","0105-feel-math-test-01","024","SUCCESS","test passed"
"compliance-level-2/0105-feel-math","0105-feel-math-test-01","007","SUCCESS","test passed"
"compliance-level-2/0105-feel-math","0105-feel-math-test-01","030","SUCCESS","test passed"
"compliance-level-2/0105-feel-math","0105-feel-math-test-01","019","SUCCESS","test passed"
"compliance-level-2/0105-feel-math","0105-feel-math-test-01","031","SUCCESS","test passed"
"compliance-level-2/0105-feel-math","0105-feel-math-test-01","025","SUCCESS","test passed"
"compliance-level-2/0105-feel-math","0105-feel-math-test-01","015","SUCCESS","test passed"
"compliance-level-2/0105-feel-math","0105-feel-math-test-01","004","SUCCESS","test passed"
"compliance-level-2/0105-feel-math","0105-feel-math-test-01","022","SUCCESS","test passed"
"compliance-level-2/0105-feel-math","0105-feel-math-test-01","005","SUCCESS","test passed"
"compliance-level-2/0105-feel-math","0105-feel-math-test-01","016","SUCCESS","test passed"
"compliance-level-2/0105-feel-math","0105-feel-math-test-01","033","SUCCESS","test passed"
"compliance-level-2/0105-feel-math","0105-feel-math-test-01","026","SUCCESS","test passed"
"compliance-level-2/0105-feel-math","0105-feel-math-test-01","017","SUCCESS","test passed"
"compliance-level-2/0105-feel-math","0105-feel-math-test-01","027","SUCCESS","test passed"
"compliance-level-2/0105-feel-math","0105-feel-math-test-01","009","SUCCESS","test passed"
"compliance-level-2/0106-feel-ternary-logic","0106-feel-ternary-logic-test-01","001","SUCCESS","test passed"
"compliance-level-2/0106-feel-ternary-logic","0106-feel-ternary-logic-test-01","002","SUCCESS","test passed"
"compliance-level-2/0106-feel-ternary-logic","0106-feel-ternary-logic-test-01","009","SUCCESS","test passed"
"compliance-level-2/0106-feel-ternary-logic","0106-feel-ternary-logic-test-01","006","SUCCESS","test passed"
"compliance-level-2/0106-feel-ternary-logic","0106-feel-ternary-logic-test-01","008","SUCCESS","test passed"
"compliance-level-2/0106-feel-ternary-logic","0106-feel-ternary-logic-test-01","003","SUCCESS","test passed"
"compliance-level-2/0106-feel-ternary-logic","0106-feel-ternary-logic-test-01","007","SUCCESS","test passed"
"compliance-level-2/0106-feel-ternary-logic","0106-feel-ternary-logic-test-01","004","SUCCESS","test passed"
"compliance-level-2/0106-feel-ternary-logic","0106-feel-ternary-logic-test-01","005","SUCCESS","test passed"
"compliance-level-2/0107-feel-ternary-logic-not","0107-feel-ternary-logic-not-test-01","003","SUCCESS","test passed"
"compliance-level-2/0107-feel-ternary-logic-not","0107-feel-ternary-logic-not-test-01","002","SUCCESS","test passed"
"compliance-level-2/0107-feel-ternary-logic-not","0107-feel-ternary-logic-not-test-01","001","SUCCESS","test passed"
"compliance-level-3/0001-filter","0001-filter-test-01","001","SUCCESS","test passed"
"compliance-level-3/0002-string-functions","0002-string-functions-test-01","004","SUCCESS","test passed"
"compliance-level-3/0002-string-functions","0002-string-functions-test-01","002","SUCCESS","test passed"
"compliance-level-3/0002-string-functions","0002-string-functions-test-01","003","SUCCESS","test passed"
"compliance-level-3/0002-string-functions","0002-string-functions-test-01","001","SUCCESS","test passed"
"compliance-level-3/0003-iteration","0003-iteration-test-01","001","SUCCESS","test passed"
"compliance-level-3/0004-lending","0004-lending-test-01","001","SUCCESS","test passed"
"compliance-level-3/0005-literal-invocation","0005-literal-invocation-test-01","003","SUCCESS","test passed"
"compliance-level-3/0005-literal-invocation","0005-literal-invocation-test-01","002","SUCCESS","test passed"
"compliance-level-3/0005-literal-invocation","0005-literal-invocation-test-01","001","SUCCESS","test passed"
"compliance-level-3/0006-join","0006-join-test-01","001","SUCCESS","test passed"
"compliance-level-3/0007-date-time","0007-date-time-test-01","001","SUCCESS","test passed"
"compliance-level-3/0008-listGen","0008-listGen-test-01","010","SUCCESS","test passed"
"compliance-level-3/0008-listGen","0008-listGen-test-01","001","SUCCESS","test passed"
"compliance-level-3/0008-listGen","0008-listGen-test-01","008","SUCCESS","test passed"
"compliance-level-3/0008-listGen","0008-listGen-test-01","006","SUCCESS","test passed"
"compliance-level-3/0008-listGen","0008-listGen-test-01","009","SUCCESS","test passed"
"compliance-level-3/0008-listGen","0008-listGen-test-01","005","SUCCESS","test passed"
"compliance-level-3/0008-listGen","0008-listGen-test-01","002","SUCCESS","test passed"
"compliance-level-3/0008-listGen","0008-listGen-test-01","007","SUCCESS","test passed"
"compliance-level-3/0008-listGen","0008-listGen-test-01","003","SUCCESS","test passed"
"compliance-level-3/0008-listGen","0008-listGen-test-01","004","SUCCESS","test passed"
"compliance-level-3/0009-append-flatten","0009-append-flatten-test-01","001","SUCCESS","test passed"
"compliance-level-3/0010-concatenate","0010-concatenate-test-01","001","SUCCESS","test passed"
"compliance-level-3/0011-insert-remove","0011-insert-remove-test-01","001","SUCCESS","test passed"
"compliance-level-3/0012-list-functions","0012-list-functions-test-01","004","SUCCESS","test passed"
"compliance-level-3/0012-list-functions","0012-list-functions-test-01","005","SUCCESS","test passed"
"compliance-level-3/0012-list-functions","0012-list-functions-test-01","001","SUCCESS","test passed"
"compliance-level-3/0012-list-functions","0012-list-functions-test-01","014","SUCCESS","test passed"
"compliance-level-3/0012-list-functions","0012-list-functions-test-01","010","SUCCESS","test passed"
"compliance-level-3/0012-list-functions","0012-list-functions-test-01","002","SUCCESS","test passed"
"compliance-level-3/0012-list-functions","0012-list-functions-test-01","018","SUCCESS","test passed"
"compliance-level-3/0012-list-functions","0012-list-functions-test-01","019","SUCCESS","test passed"
"compliance-level-3/0012-list-functions","0012-list-functions-test-01","003","SUCCESS","test passed"
"compliance-level-3/0012-list-functions","0012-list-functions-test-01","006","SUCCESS","test passed"
"compliance-level-3/0012-list-functions","0012-list-functions-test-01","016","SUCCESS","test passed"
"compliance-level-3/0012-list-functions","0012-list-functions-test-01","017","SUCCESS","test passed"
"compliance-level-3/0012-list-functions","0012-list-functions-test-01","008","SUCCESS","test passed"
"compliance-level-3/0012-list-functions","0012-list-functions-test-01","012","SUCCESS","test passed"
"compliance-level-3/0012-list-functions","0012-list-functions-test-01","013","SUCCESS","test passed"
"compliance-level-3/0012-list-functions","0012-list-functions-test-01","009","SUCCESS","test passed"
"compliance-level-3/0012-list-functions","0012-list-functions-test-01","007","SUCCESS","test passed"
"compliance-level-3/0012-list-functions","0012-list-functions-test-01","011","SUCCESS","test passed"
"compliance-level-3/0012-list-functions","0012-list-functions-test-01","015","SUCCESS","test passed"
"compliance-level-3/0013-sort","0013-sort-test-01","001","SUCCESS","test passed"
"compliance-level-3/0014-loan-comparison","0014-loan-comparison-test-01","001","SUCCESS","test passed"
"compliance-level-3/0016-some-every","0016-some-every-test-01","001","SUCCESS","test passed"
"compliance-level-3/0017-tableTests","0017-tableTests-test-01","001","SUCCESS","test passed"
"compliance-level-3/0020-vacation-days","0020-vacation-days-test-01","005","SUCCESS","test passed"
"compliance-level-3/0020-vacation-days","0020-vacation-days-test-01","001","SUCCESS","test passed"
"compliance-level-3/0020-vacation-days","0020-vacation-days-test-01","004","SUCCESS","test passed"
"compliance-level-3/0020-vacation-days","0020-vacation-days-test-01","002","SUCCESS","test passed"
"compliance-level-3/0020-vacation-days","0020-vacation-days-test-01","007","SUCCESS","test passed"
"compliance-level-3/0020-vacation-days","0020-vacation-days-test-01","003","SUCCESS","test passed"
"compliance-level-3/0020-vacation-days","0020-vacation-days-test-01","006","SUCCESS","test passed"
"compliance-level-3/0021-singleton-list","0021-singleton-list-test-01","001","SUCCESS","test passed"
"compliance-level-3/0030-user-defined-functions","0030-user-defined-functions-test-01","001","SUCCESS","test passed"
"compliance-level-3/0031-user-defined-functions","0031-user-defined-functions-test-01","001","SUCCESS","test passed"
"compliance-level-3/0031-user-defined-functions","0031-user-defined-functions-test-01","002","SUCCESS","test passed"
"compliance-level-3/0031-user-defined-functions","0031-user-defined-functions-test-01","003","SUCCESS","test passed"
"compliance-level-3/0032-conditionals","0032-conditionals-test-01","005","SUCCESS","test passed"
"compliance-level-3/0032-conditionals","0032-conditionals-test-01","002","SUCCESS","test passed"
"compliance-level-3/0032-conditionals","0032-conditionals-test-01","004","SUCCESS","test passed"
"compliance-level-3/0032-conditionals","0032-conditionals-test-01","006","SUCCESS","test passed"
"compliance-level-3/0032-conditionals","0032-conditionals-test-01","003","SUCCESS","test passed"
"compliance-level-3/0032-conditionals","0032-conditionals-test-01","001","SUCCESS","test passed"
"compliance-level-3/0033-for-loops","0033-for-loops-test-01","001","SUCCESS","test passed"
"compliance-level-3/0033-for-loops","0033-for-loops-test-01","003","SUCCESS","test passed"
"compliance-level-3/0033-for-loops","0033-for-loops-test-01","002","SUCCESS","test passed"
"compliance-level-3/0033-for-loops","0033-for-loops-test-01","004","SUCCESS","test passed"
"compliance-level-3/1100-feel-decimal-function-test","1100-feel-decimal-function-test-test-01","010","SUCCESS","test passed"
"compliance-level-3/1100-feel-decimal-function-test","1100-feel-decimal-function-test-test-01","001","SUCCESS","test passed"
"compliance-level-3/1100-feel-decimal-function-test","1100-feel-decimal-function-test-test-01","005","SUCCESS","test passed"
"compliance-level-3/1100-feel-decimal-function-test","1100-feel-decimal-function-test-test-01","003","SUCCESS","test passed"
"compliance-level-3/1100-feel-decimal-function-test","1100-feel-decimal-function-test-test-01","004","SUCCESS","test passed"
"compliance-level-3/1100-feel-decimal-function-test","1100-feel-decimal-function-test-test-01","009","SUCCESS","test passed"
"compliance-level-3/1100-feel-decimal-function-test","1100-feel-decimal-function-test-test-01","008","SUCCESS","test passed"
"compliance-level-3/1100-feel-decimal-function-test","1100-feel-decimal-function-test-test-01","002","SUCCESS","test passed"
"compliance-level-3/1100-feel-decimal-function-test","1100-feel-decimal-function-test-test-01","007","SUCCESS","test passed"
"compliance-level-3/1100-feel-decimal-function-test","1100-feel-decimal-function-test-test-01","006","SUCCESS","test passed"
"compliance-level-3/1101-feel-floor-function-test","1101-feel-floor-function-test-test-01","002","SUCCESS","test passed"
"compliance-level-3/1101-feel-floor-function-test","1101-feel-floor-function-test-test-01","001","SUCCESS","test passed"
"compliance-level-3/1101-feel-floor-function-test","1101-feel-floor-function-test-test-01","004","SUCCESS","test passed"
"compliance-level-3/1101-feel-floor-function-test","1101-feel-floor-function-test-test-01","005","SUCCESS","test passed"
"compliance-level-3/1101-feel-floor-function-test","1101-feel-floor-function-test-test-01","006","SUCCESS","test passed"
"compliance-level-3/1101-feel-floor-function-test","1101-feel-floor-function-test-test-01","003","SUCCESS","test passed"
"compliance-level-3/1102-feel-ceiling-function-test","1102-feel-ceiling-function-test-test-01","001","SUCCESS","test passed"
"compliance-level-3/1102-feel-ceiling-function-test","1102-feel-ceiling-function-test-test-01","002","SUCCESS","test passed"
"compliance-level-3/1102-feel-ceiling-function-test","1102-feel-ceiling-function-test-test-01","004","SUCCESS","test passed"
"compliance-level-3/1102-feel-ceiling-function-test","1102-feel-ceiling-function-test-test-01","005","SUCCESS","test passed"
"compliance-level-3/1102-feel-ceiling-function-test","1102-feel-ceiling-function-test-test-01","003","SUCCESS","test passed"
"compliance-level-3/1102-feel-ceiling-function-test","1102-feel-ceiling-function-test-test-01","006","SUCCESS","test passed"
"compliance-level-3/1103-feel-substring-function-test","1103-feel-substring-function-test-test-01","001","SUCCESS","test passed"
"compliance-level-3/1103-feel-substring-function-test","1103-feel-substring-function-test-test-01","006","SUCCESS","test passed"
"compliance-level-3/1103-feel-substring-function-test","1103-feel-substring-function-test-test-01","011","SUCCESS","test passed"
"compliance-level-3/1103-feel-substring-function-test","1103-feel-substring-function-test-test-01","008","SUCCESS","test passed"
"compliance-level-3/1103-feel-substring-function-test","1103-feel-substring-function-test-test-01","010","SUCCESS","test passed"
"compliance-level-3/1103-feel-substring-function-test","1103-feel-substring-function-test-test-01","009","SUCCESS","test passed"
"compliance-level-3/1103-feel-substring-function-test","1103-feel-substring-function-test-test-01","004","SUCCESS","test passed"
"compliance-level-3/1103-feel-substring-function-test","1103-feel-substring-function-test-test-01","002","SUCCESS","test passed"
"compliance-level-3/1103-feel-substring-function-test","1103-feel-substring-function-test-test-01","007","SUCCESS","test passed"
"compliance-level-3/1103-feel-substring-function-test","1103-feel-substring-function-test-test-01","003","SUCCESS","test passed"
"compliance-level-3/1103-feel-substring-function-test","1103-feel-substring-function-test-test-01","005","SUCCESS","test passed"
"compliance-level-3/1104-feel-string-length-function-test","1104-feel-string-length-function-test-test-01","001","SUCCESS","test passed"
"compliance-level-3/1104-feel-string-length-function-test","1104-feel-string-length-function-test-test-01","004","SUCCESS","test passed"
"compliance-level-3/1104-feel-string-length-function-test","1104-feel-string-length-function-test-test-01","005","SUCCESS","test passed"
"compliance-level-3/1104-feel-string-length-function-test","1104-feel-string-length-function-test-test-01","003","SUCCESS","test passed"
"compliance-level-3/1104-feel-string-length-function-test","1104-feel-string-length-function-test-test-01","002","SUCCESS","test passed"
"compliance-level-3/1104-feel-string-length-function-test","1104-feel-string-length-function-test-test-01","006","SUCCESS","test passed"
"compliance-level-3/1105-feel-upper-case-function-test","1105-feel-upper-case-function-test-test-01","001","SUCCESS","test passed"
"compliance-level-3/1105-feel-upper-case-function-test","1105-feel-upper-case-function-test-test-01","002","SUCCESS","test passed"
"compliance-level-3/1105-feel-upper-case-function-test","1105-feel-upper-case-function-test-test-01","005","SUCCESS","test passed"
"compliance-level-3/1105-feel-upper-case-function-test","1105-feel-upper-case-function-test-test-01","004","SUCCESS","test passed"
"compliance-level-3/1105-feel-upper-case-function-test","1105-feel-upper-case-function-test-test-01","008","SUCCESS","test passed"
"compliance-level-3/1105-feel-upper-case-function-test","1105-feel-upper-case-function-test-test-01","003","SUCCESS","test passed"
"compliance-level-3/1105-feel-upper-case-function-test","1105-feel-upper-case-function-test-test-01","006","SUCCESS","test passed"
"compliance-level-3/1105-feel-upper-case-function-test","1105-feel-upper-case-function-test-test-01","007","SUCCESS","test passed"
"compliance-level-3/1106-feel-lower-case-function-test","1106-feel-lower-case-function-test-test-01","005","SUCCESS","test passed"
"compliance-level-3/1106-feel-lower-case-function-test","1106-feel-lower-case-function-test-test-01","008","SUCCESS","test passed"
"compliance-level-3/1106-feel-lower-case-function-test","1106-feel-lower-case-function-test-test-01","003","SUCCESS","test passed"
"compliance-level-3/1106-feel-lower-case-function-test","1106-feel-lower-case-function-test-test-01","009","SUCCESS","test passed"
"compliance-level-3/1106-feel-lower-case-function-test","1106-feel-lower-case-function-test-test-01","004","SUCCESS","test passed"
"compliance-level-3/1106-feel-lower-case-function-test","1106-feel-lower-case-function-test-test-01","007","SUCCESS","test passed"
"compliance-level-3/1106-feel-lower-case-function-test","1106-feel-lower-case-function-test-test-01","006","SUCCESS","test passed"
"compliance-level-3/1106-feel-lower-case-function-test","1106-feel-lower-case-function-test-test-01","002","SUCCESS","test passed"
"compliance-level-3/1106-feel-lower-case-function-test","1106-feel-lower-case-function-test-test-01","001","SUCCESS","test passed"
"compliance-level-3/1107-feel-substring-before-function-test","1107-feel-substring-before-function-test-test-01","006","SUCCESS","test passed"
"compliance-level-3/1107-feel-substring-before-function-test","1107-feel-substring-before-function-test-test-01","008","SUCCESS","test passed"
"compliance-level-3/1107-feel-substring-before-function-test","1107-feel-substring-before-function-test-test-01","004","SUCCESS","test passed"
"compliance-level-3/1107-feel-substring-before-function-test","1107-feel-substring-before-function-test-test-01","002","SUCCESS","test passed"
"compliance-level-3/1107-feel-substring-before-function-test","1107-feel-substring-before-function-test-test-01","003","SUCCESS","test passed"
"compliance-level-3/1107-feel-substring-before-function-test","1107-feel-substring-before-function-test-test-01","001","SUCCESS","test passed"
"compliance-level-3/1107-feel-substring-before-function-test","1107-feel-substring-before-function-test-test-01","007","SUCCESS","test passed"
"compliance-level-3/1107-feel-substring-before-function-test","1107-feel-substring-before-function-test-test-01","005","SUCCESS","test passed"
"compliance-level-3/1107-feel-substring-before-function-test","1107-feel-substring-before-function-test-test-01","009","SUCCESS","test passed"
"compliance-level-3/1108-feel-substring-after-function-test","1108-feel-substring-after-function-test-test-01","010","SUCCESS","test passed"
"compliance-level-3/1108-feel-substring-after-function-test","1108-feel-substring-after-function-test-test-01","003","SUCCESS","test passed"
"compliance-level-3/1108-feel-substring-after-function-test","1108-feel-substring-after-function-test-test-01","006","SUCCESS","test passed"
"compliance-level-3/1108-feel-substring-after-function-test","1108-feel-substring-after-function-test-test-01","002","SUCCESS","test passed"
"compliance-level-3/1108-feel-substring-after-function-test","1108-feel-substring-after-function-test-test-01","004","SUCCESS","test passed"
"compliance-level-3/1108-feel-substring-after-function-test","1108-feel-substring-after-function-test-test-01","007","SUCCESS","test passed"
"compliance-level-3/1108-feel-substring-after-function-test","1108-feel-substring-after-function-test-test-01","009","SUCCESS","test passed"
"compliance-level-3/1108-feel-substring-after-function-test","1108-feel-substring-after-function-test-test-01","005","SUCCESS","test passed"
"compliance-level-3/1108-feel-substring-after-function-test","1108-feel-substring-after-function-test-test-01","001","SUCCESS","test passed"
"compliance-level-3/1108-feel-substring-after-function-test","1108-feel-substring-after-function-test-test-01","008","SUCCESS","test passed"
"compliance-level-3/1109-feel-replace-function-test","1109-feel-replace-function-test-test-01","023","SUCCESS","test passed"
"compliance-level-3/1109-feel-replace-function-test","1109-feel-replace-function-test-test-01","024","SUCCESS","test passed"
"compliance-level-3/1109-feel-replace-function-test","1109-feel-replace-function-test-test-01","026","SUCCESS","test passed"
"compliance-level-3/1109-feel-replace-function-test","1109-feel-replace-function-test-test-01","004","SUCCESS","test passed"
"compliance-level-3/1109-feel-replace-function-test","1109-feel-replace-function-test-test-01","018","SUCCESS","test passed"
"compliance-level-3/1109-feel-replace-function-test","1109-feel-replace-function-test-test-01","021","SUCCESS","test passed"
"compliance-level-3/1109-feel-replace-function-test","1109-feel-replace-function-test-test-01","003","SUCCESS","test passed"
"compliance-level-3/1109-feel-replace-function-test","1109-feel-replace-function-test-test-01","027","SUCCESS","test passed"
"compliance-level-3/1109-feel-replace-function-test","1109-feel-replace-function-test-test-01","008","SUCCESS","test passed"
"compliance-level-3/1109-feel-replace-function-test","1109-feel-replace-function-test-test-01","012","SUCCESS","test passed"
"compliance-level-3/1109-feel-replace-function-test","1109-feel-replace-function-test-test-01","016","SUCCESS","test passed"
"compliance-level-3/1109-feel-replace-function-test","1109-feel-replace-function-test-test-01","006","SUCCESS","test passed"
"compliance-level-3/1109-feel-replace-function-test","1109-feel-replace-function-test-test-01","005","SUCCESS","test passed"
"compliance-level-3/1109-feel-replace-function-test","1109-feel-replace-function-test-test-01","007","SUCCESS","test passed"
"compliance-level-3/1109-feel-replace-function-test","1109-feel-replace-function-test-test-01","028","SUCCESS","test passed"
"compliance-level-3/1109-feel-replace-function-test","1109-feel-replace-function-test-test-01","020","SUCCESS","test passed"
"compliance-level-3/1109-feel-replace-function-test","1109-feel-replace-function-test-test-01","010","SUCCESS","test passed"
"compliance-level-3/1109-feel-replace-function-test","1109-feel-replace-function-test-test-01","013","SUCCESS","test passed"
"compliance-level-3/1109-feel-replace-function-test","1109-feel-replace-function-test-test-01","017","SUCCESS","test passed"
"compliance-level-3/1109-feel-replace-function-test","1109-feel-replace-function-test-test-01","011","SUCCESS","test passed"
"compliance-level-3/1109-feel-replace-function-test","1109-feel-replace-function-test-test-01","019","SUCCESS","test passed"
"compliance-level-3/1109-feel-replace-function-test","1109-feel-replace-function-test-test-01","015","SUCCESS","test passed"
"compliance-level-3/1109-feel-replace-function-test","1109-feel-replace-function-test-test-01","001","SUCCESS","test passed"
"compliance-level-3/1109-feel-replace-function-test","1109-feel-replace-function-test-test-01","014","SUCCESS","test passed"
"compliance-level-3/1109-feel-replace-function-test","1109-feel-replace-function-test-test-01","009","SUCCESS","test passed"
"compliance-level-3/1109-feel-replace-function-test","1109-feel-replace-function-test-test-01","022","SUCCESS","test passed"
"compliance-level-3/1109-feel-replace-function-test","1109-feel-replace-function-test-test-01","002","SUCCESS","test passed"
"compliance-level-3/1109-feel-replace-function-test","1109-feel-replace-function-test-test-01","029","SUCCESS","test passed"
"compliance-level-3/1109-feel-replace-function-test","1109-feel-replace-function-test-test-01","025","SUCCESS","test passed"
